,Reaction
0,NAUSEA
1,DRUG INEFFECTIVE
2,FATIGUE
3,DIARRHOEA
4,HEADACHE
5,DYSPNOEA
6,PAIN
7,DIZZINESS
8,OFF LABEL USE
9,VOMITING
10,FALL
11,MALAISE
12,ANXIETY
13,ASTHENIA
14,DRUG DOSE OMISSION
15,DEPRESSION
16,GASTROINTESTINAL HAEMORRHAGE
17,INSOMNIA
18,WEIGHT DECREASED
19,PAIN IN EXTREMITY
20,PNEUMONIA
21,DEATH
22,FEELING ABNORMAL
23,ARTHRALGIA
24,BACK PAIN
25,WEIGHT INCREASED
26,HYPERTENSION
27,RASH
28,ANAEMIA
29,PRODUCT USE ISSUE
30,COUGH
31,DECREASED APPETITE
32,MUSCLE SPASMS
33,CONSTIPATION
34,PRURITUS
35,CHEST PAIN
36,PYREXIA
37,ABDOMINAL PAIN UPPER
38,GAIT DISTURBANCE
39,ABDOMINAL PAIN
40,SOMNOLENCE
41,BLOOD GLUCOSE INCREASED
42,GASTROOESOPHAGEAL REFLUX DISEASE
43,CONDITION AGGRAVATED
44,ABDOMINAL DISCOMFORT
45,PRODUCT QUALITY ISSUE
46,URINARY TRACT INFECTION
47,MYOCARDIAL INFARCTION
48,DEHYDRATION
49,CEREBROVASCULAR ACCIDENT
50,HYPOAESTHESIA
51,INTENTIONAL PRODUCT MISUSE
52,TREMOR
53,NASOPHARYNGITIS
54,HYPOTENSION
55,PARAESTHESIA
56,INAPPROPRIATE SCHEDULE OF DRUG ADMINISTRATION
57,MEMORY IMPAIRMENT
58,PULMONARY EMBOLISM
59,PERIPHERAL SWELLING
60,DEEP VEIN THROMBOSIS
61,ALOPECIA
62,INJURY
63,DYSPEPSIA
64,OSTEOPOROSIS
65,MYALGIA
66,OEDEMA PERIPHERAL
67,NEUROPATHY PERIPHERAL
68,FLUSHING
69,ARTHRITIS
70,FEMUR FRACTURE
71,BLOOD PRESSURE INCREASED
72,MUSCULAR WEAKNESS
73,VISION BLURRED
74,UNEVALUABLE EVENT
75,EPISTAXIS
76,CONTUSION
77,OSTEOARTHRITIS
78,EMOTIONAL DISTRESS
79,CONFUSIONAL STATE
80,CARDIAC FAILURE CONGESTIVE
81,INCORRECT DOSE ADMINISTERED
82,HYPERHIDROSIS
83,ACUTE KIDNEY INJURY
84,GYNAECOMASTIA
85,PALPITATIONS
86,WHITE BLOOD CELL COUNT DECREASED
87,MIGRAINE
88,HYPERSENSITIVITY
89,ATRIAL FIBRILLATION
90,TYPE 2 DIABETES MELLITUS
91,ABDOMINAL DISTENSION
92,SINUSITIS
93,BALANCE DISORDER
94,BRONCHITIS
95,THERAPEUTIC RESPONSE UNEXPECTED
96,ADVERSE EVENT
97,SYNCOPE
98,ERYTHEMA
99,SEIZURE
100,DRY MOUTH
101,CHRONIC OBSTRUCTIVE PULMONARY DISEASE
102,RECTAL HAEMORRHAGE
103,HAEMORRHAGE
104,CHILLS
105,DRUG HYPERSENSITIVITY
106,DYSGEUSIA
107,CHEST DISCOMFORT
108,ASTHMA
109,URTICARIA
110,THROMBOSIS
111,RENAL FAILURE
112,HAEMOGLOBIN DECREASED
113,HEART RATE INCREASED
114,SEPSIS
115,VISUAL IMPAIRMENT
116,PLATELET COUNT DECREASED
117,WRONG TECHNIQUE IN PRODUCT USAGE PROCESS
118,LOSS OF CONSCIOUSNESS
119,NO ADVERSE EVENT
120,PLASMA CELL MYELOMA
121,OROPHARYNGEAL PAIN
122,DYSPHAGIA
123,INFLUENZA
124,DIABETES MELLITUS
125,HOT FLUSH
126,INJECTION SITE PAIN
127,CATARACT
128,INTENTIONAL PRODUCT USE ISSUE
129,FLUID RETENTION
130,MUSCULOSKELETAL PAIN
131,STRESS
132,DISEASE PROGRESSION
133,BLOOD CHOLESTEROL INCREASED
134,OVERDOSE
135,BLADDER CANCER
136,INFECTION
137,SWELLING
138,SUICIDAL IDEATION
139,AMNESIA
140,BONE PAIN
141,NASAL CONGESTION
142,OEDEMA
143,INFLUENZA LIKE ILLNESS
144,JOINT SWELLING
145,CARDIAC DISORDER
146,BURNING SENSATION
147,ADVERSE DRUG REACTION
148,DRUG WITHDRAWAL SYNDROME
149,BONE DISORDER
150,NERVOUSNESS
151,THROMBOCYTOPENIA
152,RESPIRATORY FAILURE
153,DRUG INTOLERANCE
154,NECK PAIN
155,DEVICE EXPULSION
156,SLEEP APNOEA SYNDROME
157,CELLULITIS
158,DYSPHONIA
159,MULTIPLE SCLEROSIS RELAPSE
160,FLATULENCE
161,DRUG EFFECT DECREASED
162,DRUG ADMINISTRATION ERROR
163,VITAMIN D DEFICIENCY
164,UNDERDOSE
165,ARTHROPATHY
166,HAEMATURIA
167,IRRITABILITY
168,OSTEOPENIA
169,HALLUCINATION
170,INTERNAL HAEMORRHAGE
171,POLLAKIURIA
172,VAGINAL HAEMORRHAGE
173,PLEURAL EFFUSION
174,DRY SKIN
175,GASTROINTESTINAL DISORDER
176,SLEEP DISORDER
177,HYPOTHYROIDISM
178,CORONARY ARTERY DISEASE
179,DEVICE DISLOCATION
180,FOOT FRACTURE
181,NEUTROPENIA
182,UPPER RESPIRATORY TRACT INFECTION
183,FEBRILE NEUTROPENIA
184,STOMATITIS
185,DISTURBANCE IN ATTENTION
186,WRONG TECHNIQUE IN DRUG USAGE PROCESS
187,LOW TURNOVER OSTEOPATHY
188,PANCREATITIS
189,PRE-EXISTING CONDITION IMPROVED
190,GENERAL PHYSICAL HEALTH DETERIORATION
191,INCORRECT DRUG ADMINISTRATION DURATION
192,HYPOKALAEMIA
193,ROAD TRAFFIC ACCIDENT
194,MUSCULOSKELETAL STIFFNESS
195,FEELING HOT
196,MENSTRUATION IRREGULAR
197,NEPHROLITHIASIS
198,UPPER GASTROINTESTINAL HAEMORRHAGE
199,RHINORRHOEA
200,COGNITIVE DISORDER
201,EMOTIONAL DISORDER
202,BLOOD GLUCOSE DECREASED
203,ACTIVITIES OF DAILY LIVING IMPAIRED
204,PANIC ATTACK
205,INTRAMEDULLARY ROD INSERTION
206,AGITATION
207,VERTIGO
208,ABNORMAL WEIGHT GAIN
209,INTERVERTEBRAL DISC PROTRUSION
210,HOSPITALISATION
211,INJECTION SITE BRUISING
212,DRUG INTERACTION
213,TRANSIENT ISCHAEMIC ATTACK
214,GASTRIC DISORDER
215,LETHARGY
216,SPINAL OSTEOARTHRITIS
217,HAEMORRHAGIC ANAEMIA
218,MULTIPLE FRACTURES
219,DEVICE DIFFICULT TO USE
220,RHEUMATOID ARTHRITIS
221,TACHYCARDIA
222,PANCYTOPENIA
223,DRUG INEFFECTIVE FOR UNAPPROVED INDICATION
224,ABASIA
225,INTERVERTEBRAL DISC DEGENERATION
226,INJECTION SITE ERYTHEMA
227,THERAPY CESSATION
228,RIB FRACTURE
229,CEREBRAL HAEMORRHAGE
230,SWELLING FACE
231,HERPES ZOSTER
232,PAIN IN JAW
233,FIBROMYALGIA
234,RASH PRURITIC
235,BLOOD CREATININE INCREASED
236,SPEECH DISORDER
237,CRYING
238,HYPERLIPIDAEMIA
239,HEPATIC ENZYME INCREASED
240,DEPRESSED MOOD
241,VISUAL ACUITY REDUCED
242,MALIGNANT NEOPLASM PROGRESSION
243,HAEMORRHOIDS
244,HIP FRACTURE
245,SURGERY
246,THROAT IRRITATION
247,ERECTILE DYSFUNCTION
248,BLOOD PRESSURE DECREASED
249,HAEMATOCHEZIA
250,DYSURIA
251,TREATMENT NONCOMPLIANCE
252,LOCAL SWELLING
253,HIATUS HERNIA
254,LIMB DISCOMFORT
255,CHOLELITHIASIS
256,APPLICATION SITE ERYTHEMA
257,WHEEZING
258,DRUG EFFECT INCOMPLETE
259,GASTRITIS
260,CARDIAC ARREST
261,MENTAL DISORDER
262,MOBILITY DECREASED
263,RENAL FAILURE ACUTE
264,TINNITUS
265,MALABSORPTION
266,ACUTE MYOCARDIAL INFARCTION
267,BLISTER
268,JOINT INJURY
269,IMPAIRED HEALING
270,HYPONATRAEMIA
271,HEAD INJURY
272,URINARY INCONTINENCE
273,DISCOMFORT
274,MENORRHAGIA
275,EXPOSURE DURING PREGNANCY
276,NIGHT SWEATS
277,DYSPNOEA EXERTIONAL
278,PELVIC PAIN
279,HYPOXIA
280,CONVULSION
281,HAEMOPTYSIS
282,PRODUCTIVE COUGH
283,BODY HEIGHT DECREASED
284,ANKLE FRACTURE
285,IRRITABLE BOWEL SYNDROME
286,INJECTION SITE HAEMORRHAGE
287,PULMONARY OEDEMA
288,DRUG PRESCRIBING ERROR
289,BLOOD POTASSIUM DECREASED
290,HYPERSOMNIA
291,RENAL DISORDER
292,INTENTIONAL DRUG MISUSE
293,SKIN DISCOLOURATION
294,DRY EYE
295,MOOD SWINGS
296,MENTAL STATUS CHANGES
297,DIVERTICULITIS
298,STAPHYLOCOCCAL INFECTION
299,HYPERGLYCAEMIA
300,ANGER
301,TOOTH DISORDER
302,SEXUAL DYSFUNCTION
303,DEVICE ISSUE
304,UPPER LIMB FRACTURE
305,ACNE
306,FEAR
307,RENAL IMPAIRMENT
308,SKIN EXFOLIATION
309,OXYGEN SATURATION DECREASED
310,EXPIRED PRODUCT ADMINISTERED
311,LUNG DISORDER
312,ALANINE AMINOTRANSFERASE INCREASED
313,ASPARTATE AMINOTRANSFERASE INCREASED
314,ANGINA PECTORIS
315,ORAL PAIN
316,RESTLESS LEGS SYNDROME
317,HAEMATOMA
318,UTERINE PERFORATION
319,DEVICE BREAKAGE
320,ABDOMINAL PAIN LOWER
321,CYSTITIS
322,ROTATOR CUFF SYNDROME
323,EYE PAIN
324,POOR QUALITY SLEEP
325,BACK DISORDER
326,ABNORMAL BEHAVIOUR
327,FULL BLOOD COUNT DECREASED
328,LIMB INJURY
329,THERAPEUTIC RESPONSE DECREASED
330,GALLBLADDER DISORDER
331,COAGULOPATHY
332,LOWER GASTROINTESTINAL HAEMORRHAGE
333,OBESITY
334,MEDICATION ERROR
335,PANCREATIC CARCINOMA
336,COLITIS
337,RED BLOOD CELL COUNT DECREASED
338,RESTLESSNESS
339,HYPERPROLACTINAEMIA
340,LIVER FUNCTION TEST ABNORMAL
341,DYSKINESIA
342,NEURALGIA
343,CARDIAC FAILURE
344,AGGRESSION
345,PULMONARY HYPERTENSION
346,FUNGAL INFECTION
347,BURSITIS
348,ABNORMAL DREAMS
349,PRODUCT ADHESION ISSUE
350,FEELING JITTERY
351,BLOOD URINE PRESENT
352,APPLICATION SITE PRURITUS
353,RETCHING
354,PULMONARY ARTERIAL HYPERTENSION
355,PRESYNCOPE
356,BREAST CANCER
357,DISORIENTATION
358,ARRHYTHMIA
359,HYPOACUSIS
360,NIGHTMARE
361,MULTIPLE SCLEROSIS
362,SINUS DISORDER
363,DIVERTICULUM
364,WRIST FRACTURE
365,EYE IRRITATION
366,LOWER LIMB FRACTURE
367,FOETAL EXPOSURE DURING PREGNANCY
368,DYSARTHRIA
369,NEUTROPHIL COUNT DECREASED
370,RASH GENERALISED
371,MOOD ALTERED
372,MUSCULOSKELETAL DISCOMFORT
373,LYMPHADENOPATHY
374,CARPAL TUNNEL SYNDROME
375,PSORIASIS
376,VIRAL INFECTION
377,PRESCRIBED OVERDOSE
378,EYE DISORDER
379,GOUT
380,OCULAR HYPERAEMIA
381,CLOSTRIDIUM DIFFICILE INFECTION
382,ANHEDONIA
383,HYPERCHOLESTEROLAEMIA
384,LABORATORY TEST ABNORMAL
385,SPINAL FRACTURE
386,ACUTE RESPIRATORY FAILURE
387,DYSSTASIA
388,EYE SWELLING
389,CHOLECYSTECTOMY
390,APPLICATION SITE PAIN
391,OPEN REDUCTION OF FRACTURE
392,URINARY RETENTION
393,WHITE BLOOD CELL COUNT INCREASED
394,ASCITES
395,TOXICITY TO VARIOUS AGENTS
396,BONE DENSITY DECREASED
397,HYPOGLYCAEMIA
398,MUSCULOSKELETAL CHEST PAIN
399,GASTROENTERITIS VIRAL
400,FEELING COLD
401,DEVICE RELATED INFECTION
402,SEPTIC SHOCK
403,PULMONARY MASS
404,BLOOD TRIGLYCERIDES INCREASED
405,MATERNAL EXPOSURE DURING PREGNANCY
406,PRURITUS GENERALISED
407,METRORRHAGIA
408,ATELECTASIS
409,THINKING ABNORMAL
410,BLOOD TESTOSTERONE DECREASED
411,MEDICAL DEVICE COMPLICATION
412,LACERATION
413,LIGAMENT SPRAIN
414,HEART RATE IRREGULAR
415,EXTRA DOSE ADMINISTERED
416,MENTAL IMPAIRMENT
417,HEART RATE DECREASED
418,OSTEONECROSIS OF JAW
419,SCIATICA
420,HAEMATEMESIS
421,SKIN DISORDER
422,MUSCLE TWITCHING
423,METASTASES TO LIVER
424,GLAUCOMA
425,FAECES DISCOLOURED
426,FLUID OVERLOAD
427,BLINDNESS
428,LIBIDO DECREASED
429,STRESS FRACTURE
430,PANCREATIC CARCINOMA METASTATIC
431,SPINAL COMPRESSION FRACTURE
432,HYPOPHAGIA
433,GLYCOSYLATED HAEMOGLOBIN INCREASED
434,LACRIMATION INCREASED
435,MOVEMENT DISORDER
436,CALCIUM DEFICIENCY
437,SUBDURAL HAEMATOMA
438,HAEMORRHAGIC STROKE
439,DEVICE MALFUNCTION
440,RASH ERYTHEMATOUS
441,SCOLIOSIS
442,SEASONAL ALLERGY
443,INCORRECT PRODUCT STORAGE
444,ACCIDENTAL OVERDOSE
445,LEUKOCYTOSIS
446,ERUCTATION
447,INCREASED APPETITE
448,CHROMATURIA
449,PERICARDIAL EFFUSION
450,DRUG ADMINISTERED AT INAPPROPRIATE SITE
451,NEOPLASM MALIGNANT
452,INCORRECT ROUTE OF DRUG ADMINISTRATION
453,EATING DISORDER
454,MUSCLE TIGHTNESS
455,SUICIDE ATTEMPT
456,BIPOLAR DISORDER
457,HAEMORRHAGE INTRACRANIAL
458,CARDIOVASCULAR DISORDER
459,IRON DEFICIENCY ANAEMIA
460,SWOLLEN TONGUE
461,LUNG INFECTION
462,INFUSION RELATED REACTION
463,EXOSTOSIS
464,NEPHROGENIC SYSTEMIC FIBROSIS
465,BACK INJURY
466,CROHN'S DISEASE
467,GASTRIC ULCER
468,LIVER DISORDER
469,THYROID DISORDER
470,CHRONIC KIDNEY DISEASE
471,APHASIA
472,SKIN ULCER
473,DIPLOPIA
474,TOOTHACHE
475,LEUKOPENIA
476,HAEMATOCRIT DECREASED
477,GLOSSODYNIA
478,BRADYCARDIA
479,HYSTERECTOMY
480,INJECTION SITE REACTION
481,LARGE INTESTINE POLYP
482,EAR INFECTION
483,INTERNATIONAL NORMALISED RATIO INCREASED
484,OSTEOMYELITIS
485,SPINAL COLUMN STENOSIS
486,TENDONITIS
487,PROCEDURAL PAIN
488,DEAFNESS
489,LIP SWELLING
490,INFLAMMATION
491,SKIN LESION
492,BLOOD COUNT ABNORMAL
493,PRESCRIBED UNDERDOSE
494,GENITAL HAEMORRHAGE
495,SEDATION
496,HERNIA
497,PSYCHOTIC DISORDER
498,NERVOUS SYSTEM DISORDER
499,KNEE ARTHROPLASTY
500,RESPIRATORY DISORDER
501,INJECTION SITE PRURITUS
502,LOCALISED INFECTION
503,WITHDRAWAL SYNDROME
504,HUNGER
505,DEVICE FAILURE
506,HEPATIC STEATOSIS
507,BASAL CELL CARCINOMA
508,MICTURITION URGENCY
509,RENAL CYST
510,CHOKING
511,BLOOD BILIRUBIN INCREASED
512,RASH MACULAR
513,NOCTURIA
514,VITAMIN D DECREASED
515,JOINT STIFFNESS
516,SCAR
517,DENTAL CARIES
518,MUSCLE STRAIN
519,ABNORMAL LOSS OF WEIGHT
520,EAR PAIN
521,CLOSTRIDIUM DIFFICILE COLITIS
522,DYSMENORRHOEA
523,HEAD DISCOMFORT
524,AGEUSIA
525,INTESTINAL OBSTRUCTION
526,RESPIRATORY DISTRESS
527,CARDIOMEGALY
528,TOOTH EXTRACTION
529,ULCER HAEMORRHAGE
530,THIRST
531,THROAT TIGHTNESS
532,DRUG DISPENSING ERROR
533,LUNG NEOPLASM MALIGNANT
534,GINGIVAL BLEEDING
535,KIDNEY INFECTION
536,ANAEMIA POSTOPERATIVE
537,INJECTION SITE MASS
538,HAND FRACTURE
539,NERVE INJURY
540,HYPERKALAEMIA
541,ABORTION SPONTANEOUS
542,ANAPHYLACTIC REACTION
543,ULCER
544,PHARYNGEAL OEDEMA
545,TOOTH FRACTURE
546,CANDIDA INFECTION
547,CARDIAC MURMUR
548,DEMENTIA
549,CARDIOMYOPATHY
550,MULTIPLE INJURIES
551,FEEDING DISORDER
552,BLOOD GLUCOSE ABNORMAL
553,SKIN BURNING SENSATION
554,JOINT DISLOCATION
555,CENTRAL NERVOUS SYSTEM LESION
556,PNEUMONITIS
557,FREQUENT BOWEL MOVEMENTS
558,MANIA
559,WOUND
560,MUSCULOSKELETAL DISORDER
561,PARANOIA
562,INJECTION SITE SWELLING
563,BLOOD CALCIUM INCREASED
564,OESOPHAGITIS
565,TRANSFUSION
566,MENISCUS INJURY
567,BLOOD ALKALINE PHOSPHATASE INCREASED
568,POST PROCEDURAL HAEMORRHAGE
569,APPLICATION SITE RASH
570,HEARING IMPAIRED
571,MIDDLE INSOMNIA
572,SINUS CONGESTION
573,ILL-DEFINED DISORDER
574,EYE PRURITUS
575,DIABETIC NEUROPATHY
576,AMENORRHOEA
577,ISCHAEMIC STROKE
578,CHOLECYSTITIS CHRONIC
579,SNEEZING
580,BLOOD PRESSURE ABNORMAL
581,SOMNAMBULISM
582,COLITIS ULCERATIVE
583,PSYCHOMOTOR HYPERACTIVITY
584,BLOOD PRESSURE FLUCTUATION
585,HYPERCALCAEMIA
586,BLOOD SODIUM DECREASED
587,MENSTRUATION DELAYED
588,DRUG DEPENDENCE
589,PROSTATIC SPECIFIC ANTIGEN INCREASED
590,PANCREATITIS ACUTE
591,COLD SWEAT
592,IMPAIRED WORK ABILITY
593,NO THERAPEUTIC RESPONSE
594,HEPATIC FAILURE
595,EMPHYSEMA
596,LYMPHOCYTE COUNT DECREASED
597,HEMIPARESIS
598,SKIN IRRITATION
599,MUCOSAL INFLAMMATION
600,CATARACT OPERATION
601,INTENTIONAL OVERDOSE
602,SMALL INTESTINAL OBSTRUCTION
603,PROSTATE CANCER
604,RESPIRATORY TRACT INFECTION
605,FOOT DEFORMITY
606,HYPOMAGNESAEMIA
607,ORAL DISCOMFORT
608,POST-TRAUMATIC STRESS DISORDER
609,FEELING DRUNK
610,WEIGHT FLUCTUATION
611,FRACTURE NONUNION
612,FRACTURE
613,ANORECTAL DISCOMFORT
614,SENSORY DISTURBANCE
615,HIP ARTHROPLASTY
616,OVARIAN CYST
617,LUMBAR SPINAL STENOSIS
618,GASTROENTERITIS
619,HYPOAESTHESIA ORAL
620,TIBIA FRACTURE
621,CYST
622,ACCIDENTAL EXPOSURE TO PRODUCT
623,DISABILITY
624,BLADDER DISORDER
625,ORAL CANDIDIASIS
626,INITIAL INSOMNIA
627,PALLOR
628,GOITRE
629,INFUSION SITE PAIN
630,CORONARY ARTERY OCCLUSION
631,RENAL FAILURE CHRONIC
632,DERMATITIS CONTACT
633,THROMBOPHLEBITIS SUPERFICIAL
634,IMPAIRED DRIVING ABILITY
635,INCREASED TENDENCY TO BRUISE
636,GALACTORRHOEA
637,DIABETIC KETOACIDOSIS
638,MEDICAL DEVICE REMOVAL
639,PNEUMOTHORAX
640,HYPOKINESIA
641,MITRAL VALVE INCOMPETENCE
642,ENCEPHALOPATHY
643,MASS
644,SKIN CANCER
645,SPINAL DISORDER
646,CARDIO-RESPIRATORY ARREST
647,GENERALISED TONIC-CLONIC SEIZURE
648,CONCUSSION
649,COMA
650,HAEMORRHOIDAL HAEMORRHAGE
651,SYSTEMIC LUPUS ERYTHEMATOSUS
652,ECCHYMOSIS
653,ORTHOSTATIC HYPOTENSION
654,METASTASES TO BONE
655,INCONTINENCE
656,COORDINATION ABNORMAL
657,DIABETES MELLITUS INADEQUATE CONTROL
658,MYELODYSPLASTIC SYNDROME
659,AUDITORY
660,PNEUMONIA ASPIRATION
661,EMBEDDED DEVICE
662,NERVE COMPRESSION
663,TOOTH INFECTION
664,PREGNANCY
665,MOUTH ULCERATION
666,JAUNDICE
667,PALMAR-PLANTAR ERYTHRODYSAESTHESIA SYNDROME
668,METABOLIC ACIDOSIS
669,PERIPHERAL COLDNESS
670,RASH PAPULAR
671,RADIUS FRACTURE
672,CHOLECYSTITIS
673,CATAPLEXY
674,RESPIRATORY TRACT CONGESTION
675,UNRESPONSIVE TO STIMULI
676,TOOTH ABSCESS
677,INTENTIONAL UNDERDOSE
678,FLANK PAIN
679,BONE LOSS
680,IMPAIRED GASTRIC EMPTYING
681,COMPRESSION FRACTURE
682,METASTASES TO LUNG
683,MULTI-ORGAN FAILURE
684,APHAGIA
685,PHOTOPHOBIA
686,APHONIA
687,FIBULA FRACTURE
688,VAGINAL DISCHARGE
689,BACTERAEMIA
690,TARDIVE DYSKINESIA
691,ARTERIOSCLEROSIS CORONARY ARTERY
692,TEMPERATURE INTOLERANCE
693,DELIRIUM
694,INJECTION SITE NODULE
695,MALNUTRITION
696,PREMATURE BABY
697,MUSCLE ATROPHY
698,ARTERIOSCLEROSIS
699,MALIGNANT MELANOMA
700,HEPATITIS C
701,CIRCUMSTANCE OR INFORMATION CAPABLE OF LEADING TO MEDICATION ERROR
702,GLUCOSE TOLERANCE IMPAIRED
703,APPENDICECTOMY
704,SINUS TACHYCARDIA
705,PRODUCT PHYSICAL ISSUE
706,MACULAR DEGENERATION
707,ORAL HERPES
708,INTERVERTEBRAL DISC DISORDER
709,PAPILLARY THYROID CANCER
710,ECZEMA
711,TRICUSPID VALVE INCOMPETENCE
712,SLUGGISHNESS
713,ESSENTIAL HYPERTENSION
714,PULMONARY CONGESTION
715,ATRIAL FLUTTER
716,FAECAL INCONTINENCE
717,PAIN OF SKIN
718,BARRETT'S OESOPHAGUS
719,TENDON RUPTURE
720,NODULE
721,BLOOD CALCIUM DECREASED
722,HYPOCALCAEMIA
723,LOSS OF LIBIDO
724,JOINT EFFUSION
725,MELAENA
726,BRAIN INJURY
727,TOOTH LOSS
728,BLOOD MAGNESIUM DECREASED
729,DEVICE USE ERROR
730,RIGHT VENTRICULAR FAILURE
731,HUMERUS FRACTURE
732,UPPER-AIRWAY COUGH SYNDROME
733,BREAST PAIN
734,APPLICATION SITE IRRITATION
735,ELECTROCARDIOGRAM QT PROLONGED
736,LARYNGITIS
737,RHABDOMYOLYSIS
738,SNORING
739,MUSCLE SPASTICITY
740,BACTERIAL INFECTION
741,APATHY
742,METASTASES TO LYMPH NODES
743,PULMONARY FIBROSIS
744,VARICOSE VEIN
745,SUBARACHNOID HAEMORRHAGE
746,DERMATITIS
747,ATRIAL SEPTAL DEFECT
748,TENDERNESS
749,HYPERTHYROIDISM
750,PERIPHERAL VASCULAR DISORDER
751,ELECTROLYTE IMBALANCE
752,RHINITIS ALLERGIC
753,BEDRIDDEN
754,BLOOD IRON DECREASED
755,BLOOD UREA INCREASED
756,GROIN PAIN
757,PARAESTHESIA ORAL
758,BLOOD POTASSIUM INCREASED
759,ENDOMETRIOSIS
760,EAR DISCOMFORT
761,ENURESIS
762,PRODUCT TASTE ABNORMAL
763,COELIAC DISEASE
764,TONSILLECTOMY
765,OSTEONECROSIS
766,SQUAMOUS CELL CARCINOMA OF SKIN
767,UTERINE LEIOMYOMA
768,SPINAL PAIN
769,DRUG ADMINISTERED TO PATIENT OF INAPPROPRIATE AGE
770,PELVIC FRACTURE
771,TRANSAMINASES INCREASED
772,SUPRAVENTRICULAR TACHYCARDIA
773,DIVERTICULUM INTESTINAL
774,DIVERTICULUM INTESTINAL HAEMORRHAGIC
775,HEPATIC CIRRHOSIS
776,DRY THROAT
777,MAJOR DEPRESSION
778,IMMUNE SYSTEM DISORDER
779,EYE HAEMORRHAGE
780,UNINTENDED PREGNANCY
781,DEVICE DEPLOYMENT ISSUE
782,TREATMENT FAILURE
783,GENERALISED OEDEMA
784,BODY TEMPERATURE INCREASED
785,WALKING AID USER
786,INJECTION SITE RASH
787,LUNG INFILTRATION
788,FRUSTRATION
789,BREAST TENDERNESS
790,POLYP
791,BLOOD CREATINE PHOSPHOKINASE INCREASED
792,DRUG ABUSE
793,MEDICAL DEVICE DISCOMFORT
794,SPONDYLOLISTHESIS
795,STEVENS-JOHNSON SYNDROME
796,FAILURE TO THRIVE
797,POOR QUALITY DRUG ADMINISTERED
798,VENTRICULAR TACHYCARDIA
799,PRODUCT SUBSTITUTION ISSUE
800,BONE LESION
801,BLOOD GLUCOSE FLUCTUATION
802,KYPHOSIS
803,GINGIVAL PAIN
804,GASTRIC ULCER HAEMORRHAGE
805,INTERSTITIAL LUNG DISEASE
806,NON-CARDIAC CHEST PAIN
807,THYROID NEOPLASM
808,ORAL DISORDER
809,BENIGN PROSTATIC HYPERPLASIA
810,APPLICATION SITE VESICLES
811,PULMONARY THROMBOSIS
812,ANGIOEDEMA
813,CYTOPENIA
814,BREAST CANCER METASTATIC
815,COMPLICATION ASSOCIATED WITH DEVICE
816,GASTROINTESTINAL PAIN
817,SLEEP DISORDER DUE TO A GENERAL MEDICAL CONDITION
818,SHOCK HAEMORRHAGIC
819,ILEUS
820,HYPERAESTHESIA
821,DYSLIPIDAEMIA
822,CEREBRAL INFARCTION
823,MULTIPLE ALLERGIES
824,BREAST CANCER FEMALE
825,EXTRAPYRAMIDAL DISORDER
826,REGURGITATION
827,ACUTE MYELOID LEUKAEMIA
828,PROCTALGIA
829,ABSCESS
830,BREAST MASS
831,PHOTOSENSITIVITY REACTION
832,EMBOLISM
833,MUSCLE DISORDER
834,SINUS BRADYCARDIA
835,POST PROCEDURAL COMPLICATION
836,HANGOVER
837,MOUTH HAEMORRHAGE
838,PERONEAL NERVE PALSY
839,KNEE OPERATION
840,INFLAMMATORY BOWEL DISEASE
841,SKIN INFECTION
842,EUPHORIC MOOD
843,INFUSION SITE ERYTHEMA
844,DECREASED ACTIVITY
845,MENSTRUAL DISORDER
846,BLOOD TEST ABNORMAL
847,DEVICE LEAKAGE
848,SENSORY LOSS
849,MEDICATION RESIDUE PRESENT
850,LYMPHOMA
851,SPLENOMEGALY
852,RESPIRATORY ARREST
853,DEPRESSED LEVEL OF CONSCIOUSNESS
854,PREGNANCY WITH CONTRACEPTIVE DEVICE
855,SQUAMOUS CELL CARCINOMA
856,DECUBITUS ULCER
857,SINUS HEADACHE
858,ATTENTION DEFICIT/HYPERACTIVITY DISORDER
859,DYSGRAPHIA
860,AORTIC ANEURYSM
861,CENTRAL VENOUS CATHETERISATION
862,VISUAL
863,VENTRICULAR EXTRASYSTOLES
864,HAIR TEXTURE ABNORMAL
865,CONJUNCTIVITIS
866,HAEMORRHAGIC ARTERIOVENOUS MALFORMATION
867,IMPLANT SITE PAIN
868,LOWER RESPIRATORY TRACT INFECTION
869,EYELID OEDEMA
870,NASAL DRYNESS
871,ACCIDENT
872,FACIAL BONES FRACTURE
873,PARALYSIS
874,FACIAL PAIN
875,BRUXISM
876,HYPOVOLAEMIA
877,DIZZINESS POSTURAL
878,DIABETIC COMA
879,ANGINA UNSTABLE
880,TACHYPHRENIA
881,HORMONE LEVEL ABNORMAL
882,FEELING OF BODY TEMPERATURE CHANGE
883,BONE MARROW FAILURE
884,PATHOLOGICAL FRACTURE
885,FORMICATION
886,ACUTE HEPATIC FAILURE
887,TONGUE DISORDER
888,QUALITY OF LIFE DECREASED
889,HAIR COLOUR CHANGES
890,COLON CANCER
891,DRUG EFFECT INCREASED
892,COMPLETED SUICIDE
893,SECRETION DISCHARGE
894,NASAL DISCOMFORT
895,LUMBAR RADICULOPATHY
896,UROSEPSIS
897,INTERNAL FIXATION OF FRACTURE
898,BLADDER TRANSITIONAL CELL CARCINOMA
899,PARKINSON'S DISEASE
900,BLOOD THYROID STIMULATING HORMONE INCREASED
901,DYSPAREUNIA
902,RENAL CANCER
903,RENAL HAEMORRHAGE
904,HAIR GROWTH ABNORMAL
905,CATHETERISATION CARDIAC
906,JAW DISORDER
907,ECONOMIC PROBLEM
908,PROTEINURIA
909,HYPERTONIC BLADDER
910,SCAB
911,DELUSION
912,PHARYNGITIS STREPTOCOCCAL
913,LYMPHOEDEMA
914,FOREIGN BODY
915,EJECTION FRACTION DECREASED
916,PHARYNGITIS
917,ADENOCARCINOMA PANCREAS
918,PLATELET COUNT INCREASED
919,PROSTATOMEGALY
920,AORTIC ARTERIOSCLEROSIS
921,MYOCARDIAL ISCHAEMIA
922,PERSONALITY CHANGE
923,ADRENAL INSUFFICIENCY
924,ASPIRATION
925,LOW DENSITY LIPOPROTEIN INCREASED
926,BOWEL MOVEMENT IRREGULARITY
927,ABDOMINAL HERNIA
928,ATAXIA
929,ONYCHOMYCOSIS
930,RENAL PAIN
931,ORAL MUCOSAL BLISTERING
932,ENERGY INCREASED
933,AFFECTIVE DISORDER
934,NEOPLASM PROGRESSION
935,PLANTAR FASCIITIS
936,BLINDNESS UNILATERAL
937,COLITIS ISCHAEMIC
938,DEFORMITY
939,TEMPOROMANDIBULAR JOINT SYNDROME
940,HEPATOMEGALY
941,SYNOVIAL CYST
942,LIGAMENT RUPTURE
943,EXPOSURE DURING BREAST FEEDING
944,HYPERKERATOSIS
945,VITREOUS FLOATERS
946,ONYCHOCLASIS
947,ELECTROCARDIOGRAM ABNORMAL
948,PERIPHERAL ARTERIAL OCCLUSIVE DISEASE
949,SPINAL FUSION SURGERY
950,URINE ODOUR ABNORMAL
951,HYDRONEPHROSIS
952,WRONG DRUG ADMINISTERED
953,PSORIATIC ARTHROPATHY
954,DECREASED INTEREST
955,EJACULATION DISORDER
956,ACUTE SINUSITIS
957,EYE INFECTION
958,STENT PLACEMENT
959,PETECHIAE
960,CATHETER SITE ERYTHEMA
961,SCHIZOPHRENIA
962,APPLICATION SITE DISCOLOURATION
963,HYPERBILIRUBINAEMIA
964,SKIN FISSURES
965,ARTERIAL OCCLUSIVE DISEASE
966,FOOT OPERATION
967,APPETITE DISORDER
968,DEVICE KINK
969,WOUND INFECTION
970,LUMBAR VERTEBRAL FRACTURE
971,DISEASE RECURRENCE
972,APPLICATION SITE BURN
973,PULMONARY HAEMORRHAGE
974,CLAVICLE FRACTURE
975,LIP DRY
976,THYROID CANCER
977,BLOOD DISORDER
978,COMPLICATION OF DEVICE INSERTION
979,ANGIOPATHY
980,TENDON DISORDER
981,PEPTIC ULCER
982,LEFT VENTRICULAR HYPERTROPHY
983,BRONCHOSPASM
984,CARDIAC VALVE DISEASE
985,ENDODONTIC PROCEDURE
986,HEPATIC CYST
987,OESOPHAGEAL DISORDER
988,FRACTURE DELAYED UNION
989,HYPERCHLORHYDRIA
990,RAYNAUD'S PHENOMENON
991,JAUNDICE CHOLESTATIC
992,ACUTE RESPIRATORY DISTRESS SYNDROME
993,ABNORMAL FAECES
994,EXERCISE TOLERANCE DECREASED
995,VITAMIN B12 DEFICIENCY
996,CARDIAC FLUTTER
997,MOTOR DYSFUNCTION
998,NAIL DISORDER
999,INTRAOCULAR PRESSURE INCREASED
1000,SKIN HAEMORRHAGE
1001,AUTOIMMUNE THYROIDITIS
1002,SKIN ABRASION
1003,PERITONITIS
1004,ARTHROPOD BITE
1005,EYE DISCHARGE
1006,OESOPHAGEAL PAIN
1007,PRODUCT PACKAGING ISSUE
1008,RASH MACULO-PAPULAR
1009,INJECTION SITE EXTRAVASATION
1010,MEDICAL DEVICE PAIN
1011,HYPOALBUMINAEMIA
1012,NEOPLASM
1013,DEVICE OCCLUSION
1014,POLYURIA
1015,HEPATITIS
1016,AFFECT LABILITY
1017,GENERAL SYMPTOM
1018,VENTRICULAR SEPTAL DEFECT
1019,PAROSMIA
1020,URINE OUTPUT DECREASED
1021,GASTRIC HAEMORRHAGE
1022,SYSTEMIC INFLAMMATORY RESPONSE SYNDROME
1023,TRIGGER FINGER
1024,CAROTID ARTERY STENOSIS
1025,ANXIETY DISORDER
1026,BLOOD CHOLESTEROL ABNORMAL
1027,HYPOGONADISM
1028,APPENDICITIS
1029,ROSACEA
1030,THYROID FUNCTION TEST ABNORMAL
1031,PATENT DUCTUS ARTERIOSUS
1032,CERVICAL VERTEBRAL FRACTURE
1033,INJURY ASSOCIATED WITH DEVICE
1034,BONE GRAFT
1035,SENSATION OF FOREIGN BODY
1036,METASTATIC RENAL CELL CARCINOMA
1037,PHYSICAL DISABILITY
1038,ADVERSE REACTION
1039,JOINT RANGE OF MOTION DECREASED
1040,MATERNAL EXPOSURE TIMING UNSPECIFIED
1041,DRUG SCREEN POSITIVE
1042,LEFT VENTRICULAR DYSFUNCTION
1043,SPINAL OPERATION
1044,DRUG-INDUCED LIVER INJURY
1045,APPLICATION SITE EXFOLIATION
1046,VERTEBRAL FORAMINAL STENOSIS
1047,RADICULOPATHY
1048,ISCHAEMIC CARDIOMYOPATHY
1049,DRUG TOLERANCE
1050,OBSESSIVE-COMPULSIVE DISORDER
1051,APPLICATION SITE SWELLING
1052,GLOMERULAR FILTRATION RATE DECREASED
1053,HYPOPHOSPHATAEMIA
1054,HICCUPS
1055,NASAL SEPTUM DEVIATION
1056,OSTEOSCLEROSIS
1057,TONGUE DISCOLOURATION
1058,PHOTOPSIA
1059,SHOCK
1060,DRUG EFFECT DELAYED
1061,CHOLECYSTITIS ACUTE
1062,INADEQUATE ANALGESIA
1063,TESTICULAR PAIN
1064,FACE OEDEMA
1065,CHRONIC SINUSITIS
1066,AORTIC VALVE INCOMPETENCE
1067,CARDIAC PACEMAKER INSERTION
1068,UTERINE HAEMORRHAGE
1069,GINGIVAL DISORDER
1070,HEPATIC ENCEPHALOPATHY
1071,DROOLING
1072,VISUAL FIELD DEFECT
1073,LIMB OPERATION
1074,SUNBURN
1075,CARDIOGENIC SHOCK
1076,HEMIPLEGIA
1077,EAR DISORDER
1078,EXTRASYSTOLES
1079,INJECTION SITE URTICARIA
1080,DYSTONIA
1081,MITRAL VALVE PROLAPSE
1082,CORONARY ARTERIAL STENT INSERTION
1083,INJECTION SITE DISCOLOURATION
1084,VIITH NERVE PARALYSIS
1085,CERUMEN IMPACTION
1086,ULNA FRACTURE
1087,LIVER INJURY
1088,MELANOCYTIC NAEVUS
1089,SCRATCH
1090,PATELLA FRACTURE
1091,CATHETER SITE INFECTION
1092,AKATHISIA
1093,GINGIVITIS
1094,CYANOSIS
1095,CERVICAL SPINAL STENOSIS
1096,SECOND PRIMARY MALIGNANCY
1097,THORACIC VERTEBRAL FRACTURE
1098,INGUINAL HERNIA
1099,SALIVARY HYPERSECRETION
1100,METASTASES TO PERITONEUM
1101,RHINITIS
1102,PREMATURE DELIVERY
1103,FURUNCLE
1104,LACTOSE INTOLERANCE
1105,TENSION
1106,NUCLEAR MAGNETIC RESONANCE IMAGING ABNORMAL
1107,DEMENTIA ALZHEIMER'S TYPE
1108,APPLICATION SITE REACTION
1109,CARDIAC OPERATION
1110,SEROTONIN SYNDROME
1111,METASTASES TO SPINE
1112,GASTRITIS EROSIVE
1113,OCULAR DISCOMFORT
1114,DUODENITIS
1115,OPTIC NEURITIS
1116,UMBILICAL HERNIA
1117,SJOGREN'S SYNDROME
1118,PULMONARY INFARCTION
1119,PRODUCT PREPARATION ERROR
1120,RENAL CELL CARCINOMA
1121,IMMUNODEFICIENCY
1122,NEPHROPATHY
1123,BUNDLE BRANCH BLOCK RIGHT
1124,DEVICE MISUSE
1125,NECK INJURY
1126,EPILEPSY
1127,PANIC REACTION
1128,CORONARY ARTERY BYPASS
1129,BRAIN NEOPLASM
1130,VASCULAR CALCIFICATION
1131,ANAL PRURITUS
1132,SEMEN VOLUME DECREASED
1133,METASTASES TO CENTRAL NERVOUS SYSTEM
1134,MATERNAL EXPOSURE BEFORE PREGNANCY
1135,SUBSTANCE ABUSE
1136,DUODENAL ULCER
1137,BLOOD PRESSURE SYSTOLIC INCREASED
1138,BRAIN OEDEMA
1139,TYPE 1 DIABETES MELLITUS
1140,PLASMA CELL MYELOMA RECURRENT
1141,SHOULDER OPERATION
1142,INCOHERENT
1143,PSYCHOLOGICAL TRAUMA
1144,SEBORRHOEIC KERATOSIS
1145,ORAL SURGERY
1146,STRESS URINARY INCONTINENCE
1147,RENAL INJURY
1148,EYE MOVEMENT DISORDER
1149,HELICOBACTER INFECTION
1150,DIALYSIS
1151,HEART RATE ABNORMAL
1152,ABDOMINAL WALL HAEMATOMA
1153,RENAL TUBULAR NECROSIS
1154,SLEEP DISORDER DUE TO GENERAL MEDICAL CONDITION
1155,HAEMARTHROSIS
1156,MYOSITIS
1157,PHLEBITIS
1158,INSOMNIA TYPE
1159,THROMBOSIS IN DEVICE
1160,AMMONIA INCREASED
1161,SKIN REACTION
1162,PYELONEPHRITIS
1163,OVARIAN CANCER
1164,YELLOW SKIN
1165,EXPOSED BONE IN JAW
1166,OVERWEIGHT
1167,VAGINAL INFECTION
1168,BREAST ENLARGEMENT
1169,HEPATIC LESION
1170,HYPERCOAGULATION
1171,FEMORAL NECK FRACTURE
1172,FOOD ALLERGY
1173,BILE DUCT OBSTRUCTION
1174,HEPATIC FUNCTION ABNORMAL
1175,LIPASE INCREASED
1176,CHOKING SENSATION
1177,INVASIVE DUCTAL BREAST CARCINOMA
1178,LIVER FUNCTION TEST INCREASED
1179,SKIN ATROPHY
1180,EYELID PTOSIS
1181,FOOD CRAVING
1182,SPINAL CORD COMPRESSION
1183,LIPOMA
1184,TENSION HEADACHE
1185,INTESTINAL PERFORATION
1186,APPLICATION SITE DRYNESS
1187,LIMB ASYMMETRY
1188,INCREASED UPPER AIRWAY SECRETION
1189,STAPHYLOCOCCAL BACTERAEMIA
1190,FAECES SOFT
1191,WHEELCHAIR USER
1192,ACUTE CORONARY SYNDROME
1193,FACET JOINT SYNDROME
1194,CONGENITAL ANOMALY
1195,ROTATOR CUFF REPAIR
1196,PANCREATITIS CHRONIC
1197,TRIGEMINAL NEURALGIA
1198,VULVOVAGINAL PRURITUS
1199,FISTULA
1200,VULVOVAGINAL DRYNESS
1201,APPARENT DEATH
1202,HYPERPARATHYROIDISM
1203,LOBAR PNEUMONIA
1204,POST PROCEDURAL INFECTION
1205,WRONG PATIENT RECEIVED MEDICATION
1206,BLOOD PROLACTIN INCREASED
1207,HYPERTENSIVE HEART DISEASE
1208,TRISMUS
1209,TROPONIN INCREASED
1210,EJACULATION FAILURE
1211,HERNIA REPAIR
1212,COMPLICATION OF DEVICE REMOVAL
1213,OESOPHAGEAL SPASM
1214,EXCORIATION
1215,PLEURISY
1216,PULMONARY FUNCTION TEST DECREASED
1217,CERVICAL RADICULOPATHY
1218,DERMATITIS ALLERGIC
1219,OESOPHAGEAL ULCER
1220,NEEDLE ISSUE
1221,ORAL INFECTION
1222,ANAL INCONTINENCE
1223,FACE INJURY
1224,THROMBOTIC THROMBOCYTOPENIC PURPURA
1225,INFECTIVE PULMONARY EXACERBATION OF CYSTIC FIBROSIS
1226,BLOOD ALBUMIN DECREASED
1227,UTERINE DISORDER
1228,PANCREATIC DISORDER
1229,ABORTION INDUCED
1230,OTITIS MEDIA
1231,ANDROGEN DEFICIENCY
1232,CYSTITIS INTERSTITIAL
1233,EPIGASTRIC DISCOMFORT
1234,OSTEOLYSIS
1235,SCLERODERMA
1236,SCREAMING
1237,ACCIDENTAL EXPOSURE TO PRODUCT BY CHILD
1238,MYDRIASIS
1239,LARGE INTESTINE PERFORATION
1240,GASTROINTESTINAL SOUNDS ABNORMAL
1241,VULVOVAGINAL MYCOTIC INFECTION
1242,DIARRHOEA HAEMORRHAGIC
1243,ACTINIC KERATOSIS
1244,AORTIC STENOSIS
1245,HYPOVOLAEMIC SHOCK
1246,SKIN ODOUR ABNORMAL
1247,BLOOD LACTATE DEHYDROGENASE INCREASED
1248,PUBIS FRACTURE
1249,LOOSE TOOTH
1250,BREAKTHROUGH PAIN
1251,SKIN INJURY
1252,CHAPPED LIPS
1253,VULVOVAGINAL PAIN
1254,DYSPHEMIA
1255,LABELLED DRUG-DRUG INTERACTION MEDICATION ERROR
1256,LYME DISEASE
1257,GINGIVAL SWELLING
1258,GRIP STRENGTH DECREASED
1259,GASTROINTESTINAL INFECTION
1260,CEREBRAL DISORDER
1261,VEIN DISORDER
1262,BILIARY DYSKINESIA
1263,RETINAL DETACHMENT
1264,GALLBLADDER OPERATION
1265,FAECALOMA
1266,WOUND HAEMORRHAGE
1267,SKELETAL INJURY
1268,PROCEDURAL HAEMORRHAGE
1269,PARANASAL SINUS HYPERSECRETION
1270,PANIC DISORDER
1271,SKIN MASS
1272,PERIPHERAL VENOUS DISEASE
1273,VULVOVAGINAL BURNING SENSATION
1274,APNOEA
1275,INFUSION SITE INFECTION
1276,RESPIRATORY SYNCYTIAL VIRUS INFECTION
1277,SPUTUM DISCOLOURED
1278,AORTIC CALCIFICATION
1279,PLASMACYTOMA
1280,INCORRECT DOSAGE ADMINISTERED
1281,ODYNOPHAGIA
1282,LEFT ATRIAL DILATATION
1283,ANEURYSM
1284,LOCALISED OEDEMA
1285,VENTRICULAR FIBRILLATION
1286,TENDON INJURY
1287,FOREIGN BODY SENSATION IN EYES
1288,GASTRIC POLYPS
1289,ALTERED STATE OF CONSCIOUSNESS
1290,BRONCHITIS CHRONIC
1291,HEPATIC CANCER
1292,PROCEDURAL COMPLICATION
1293,TIC
1294,EMBOLIC STROKE
1295,PNEUMONIA BACTERIAL
1296,SENSITIVITY OF TEETH
1297,BUNDLE BRANCH BLOCK LEFT
1298,INJECTION SITE INDURATION
1299,ABDOMINAL TENDERNESS
1300,COMPLEX REGIONAL PAIN SYNDROME
1301,PROSTATITIS
1302,INJECTION SITE WARMTH
1303,LOGORRHOEA
1304,SOCIAL AVOIDANT BEHAVIOUR
1305,URINE ABNORMALITY
1306,CATHETER SITE PAIN
1307,IRON DEFICIENCY
1308,NICOTINE DEPENDENCE
1309,ANOSMIA
1310,CARPAL TUNNEL DECOMPRESSION
1311,FIBROCYSTIC BREAST DISEASE
1312,NARCOLEPSY
1313,HAEMOTHORAX
1314,PERIODONTAL DISEASE
1315,GASTROINTESTINAL MOTILITY DISORDER
1316,URINE OUTPUT INCREASED
1317,PARANASAL SINUS DISCOMFORT
1318,TUMOUR LYSIS SYNDROME
1319,BRADYPHRENIA
1320,ARTHROSCOPY
1321,SKIN PAPILLOMA
1322,TACHYPNOEA
1323,PERICARDITIS
1324,TEARFULNESS
1325,INTERVERTEBRAL DISC SPACE NARROWING
1326,CEREBRAL ATROPHY
1327,DIASTOLIC DYSFUNCTION
1328,GLOSSITIS
1329,DIABETIC RETINOPATHY
1330,PURULENT DISCHARGE
1331,HYPOTONIA
1332,HERPES SIMPLEX
1333,PARASOMNIA
1334,WOUND DEHISCENCE
1335,THERAPEUTIC RESPONSE CHANGED
1336,PRODUCT ODOUR ABNORMAL
1337,URINARY HESITATION
1338,PLEURITIC PAIN
1339,BIPOLAR I DISORDER
1340,ANAEMIA OF CHRONIC DISEASE
1341,DENTAL IMPLANTATION
1342,BLOOD TESTOSTERONE INCREASED
1343,POST PROCEDURAL HYPOTHYROIDISM
1344,DUODENAL ULCER HAEMORRHAGE
1345,COLON ADENOMA
1346,FUNGAL SKIN INFECTION
1347,PERFORMANCE STATUS DECREASED
1348,RADIOTHERAPY
1349,SKIN HYPERPIGMENTATION
1350,POSTMENOPAUSAL HAEMORRHAGE
1351,HEREDITARY ANGIOEDEMA
1352,HYPOPNOEA
1353,BLINDNESS TRANSIENT
1354,CAROTID ARTERY OCCLUSION
1355,PERICARDIAL HAEMORRHAGE
1356,RED BLOOD CELL SEDIMENTATION RATE INCREASED
1357,ATROPHY
1358,BLOOD PRESSURE INADEQUATELY CONTROLLED
1359,AUTOIMMUNE DISORDER
1360,OESOPHAGEAL STENOSIS
1361,ISCHAEMIA
1362,BLOOD BLISTER
1363,THERMAL BURN
1364,HYPERTENSIVE CRISIS
1365,APPLICATION SITE URTICARIA
1366,INVESTIGATION
1367,LACTIC ACIDOSIS
1368,LYMPHOPENIA
1369,SPONDYLITIS
1370,VULVOVAGINAL DISCOMFORT
1371,BLOOD THYROID STIMULATING HORMONE DECREASED
1372,ESCHERICHIA URINARY TRACT INFECTION
1373,FEAR OF DISEASE
1374,FOOD POISONING
1375,URINE ANALYSIS ABNORMAL
1376,PROTHROMBIN TIME PROLONGED
1377,CHEILITIS
1378,ATROPHIC VULVOVAGINITIS
1379,RETINAL HAEMORRHAGE
1380,RETROPERITONEAL HAEMORRHAGE
1381,INTESTINAL ISCHAEMIA
1382,MOUTH SWELLING
1383,HYPERTRIGLYCERIDAEMIA
1384,PRODUCT SIZE ISSUE
1385,EYE INFLAMMATION
1386,MASTICATION DISORDER
1387,POOR PERIPHERAL CIRCULATION
1388,INTENTIONAL DEVICE MISUSE
1389,FUNCTIONAL GASTROINTESTINAL DISORDER
1390,BREATH SOUNDS ABNORMAL
1391,HOMICIDAL IDEATION
1392,PIGMENTATION DISORDER
1393,INTESTINAL HAEMORRHAGE
1394,HEPATIC ENZYME ABNORMAL
1395,ATRIOVENTRICULAR BLOCK FIRST DEGREE
1396,MULTIPLE ORGAN DYSFUNCTION SYNDROME
1397,CAESAREAN SECTION
1398,MUSCLE RIGIDITY
1399,INTERNAL INJURY
1400,BLOOD POTASSIUM ABNORMAL
1401,PROTEIN TOTAL DECREASED
1402,SKIN WARM
1403,HEART VALVE INCOMPETENCE
1404,TONGUE ULCERATION
1405,UPPER RESPIRATORY TRACT CONGESTION
1406,SINUS OPERATION
1407,PROSTATIC DISORDER
1408,OESOPHAGEAL CANDIDIASIS
1409,DEAFNESS UNILATERAL
1410,LEUKAEMIA
1411,CORONARY ARTERY STENOSIS
1412,DISSEMINATED INTRAVASCULAR COAGULATION
1413,DEFAECATION URGENCY
1414,EMBOLISM ARTERIAL
1415,PRODUCT PACKAGING QUANTITY ISSUE
1416,ATRIOVENTRICULAR BLOCK
1417,FRACTURED SACRUM
1418,CHONDROPATHY
1419,IMMUNOSUPPRESSION
1420,THROMBOPHLEBITIS
1421,APPLICATION SITE PARAESTHESIA
1422,HYPERNATRAEMIA
1423,CLUMSINESS
1424,THYROIDECTOMY
1425,STREPTOCOCCAL INFECTION
1426,HAEMORRHAGIC DIATHESIS
1427,METABOLIC DISORDER
1428,ACIDOSIS
1429,DYSFUNCTIONAL UTERINE BLEEDING
1430,JOINT CREPITATION
1431,INTERNATIONAL NORMALISED RATIO DECREASED
1432,SLEEP TALKING
1433,CIRCULATORY COLLAPSE
1434,COSTOCHONDRITIS
1435,SUBCUTANEOUS ABSCESS
1436,MUSCLE RUPTURE
1437,HAEMOGLOBIN ABNORMAL
1438,PRODUCT LABEL ISSUE
1439,HYPERVENTILATION
1440,FLUID INTAKE REDUCED
1441,APPLICATION SITE SCAB
1442,CARTILAGE INJURY
1443,PREGNANCY AFTER POST COITAL CONTRACEPTION
1444,CYSTIC FIBROSIS
1445,CRANIOCEREBRAL INJURY
1446,CATHETER SITE HAEMORRHAGE
1447,HAEMORRHAGE URINARY TRACT
1448,LIVE BIRTH
1449,SPINAL LAMINECTOMY
1450,EXPIRED DRUG ADMINISTERED
1451,ABSCESS LIMB
1452,SOCIAL PROBLEM
1453,METASTATIC NEOPLASM
1454,WHITE BLOOD CELL COUNT ABNORMAL
1455,JUGULAR VEIN THROMBOSIS
1456,ENTERITIS
1457,ASTHENOPIA
1458,POST PROCEDURAL HAEMATOMA
1459,PHARYNGEAL DISORDER
1460,HYPERPHAGIA
1461,C-REACTIVE PROTEIN INCREASED
1462,SMALL INTESTINAL HAEMORRHAGE
1463,URINARY TRACT DISORDER
1464,PSEUDOMONAS INFECTION
1465,RALES
1466,PATELLOFEMORAL PAIN SYNDROME
1467,PSYCHIATRIC SYMPTOM
1468,INTRACRANIAL ANEURYSM
1469,SPINAL DEFORMITY
1470,EPICONDYLITIS
1471,HYPERURICAEMIA
1472,GASTRITIS HAEMORRHAGIC
1473,MICTURITION DISORDER
1474,UTERINE DILATION AND CURETTAGE
1475,VOCAL CORD DISORDER
1476,PRIMARY SEQUESTRUM
1477,LUNG TRANSPLANT
1478,METASTASIS
1479,VERTIGO POSITIONAL
1480,LACUNAR INFARCTION
1481,MASTECTOMY
1482,URINE FLOW DECREASED
1483,POLYCYSTIC OVARIES
1484,CAROTID ARTERY DISEASE
1485,PNEUMONIA STAPHYLOCOCCAL
1486,REACTION TO DRUG EXCIPIENTS
1487,PERIPHERAL SENSORY NEUROPATHY
1488,THERAPY CHANGE
1489,BLEPHAROSPASM
1490,SHOULDER ARTHROPLASTY
1491,TENOSYNOVITIS
1492,LARYNGEAL OEDEMA
1493,PERIARTHRITIS
1494,KIDNEY TRANSPLANT REJECTION
1495,MYOCLONUS
1496,HEART DISEASE CONGENITAL
1497,DIABETIC NEPHROPATHY
1498,INTRA-ABDOMINAL HAEMORRHAGE
1499,PARTIAL SEIZURES
1500,MICROCYTIC ANAEMIA
1501,DRUG LEVEL INCREASED
1502,GENERALISED ANXIETY DISORDER
1503,SYNOVITIS
1504,JAW FRACTURE
1505,MADAROSIS
1506,MUSCLE FATIGUE
1507,NAIL DISCOLOURATION
1508,POSTOPERATIVE WOUND INFECTION
1509,FOLLICULITIS
1510,BREAST DISORDER
1511,FRUSTRATION TOLERANCE DECREASED
1512,BREATH ODOUR
1513,OBSTRUCTIVE AIRWAYS DISORDER
1514,NEUTROPHIL COUNT INCREASED
1515,UTERINE CANCER
1516,LOSS OF EMPLOYMENT
1517,ENTEROCOCCAL INFECTION
1518,SLEEP PARALYSIS
1519,RASH PUSTULAR
1520,HAIR DISORDER
1521,EAR HAEMORRHAGE
1522,NORMOCHROMIC NORMOCYTIC ANAEMIA
1523,ATYPICAL PNEUMONIA
1524,METABOLIC ENCEPHALOPATHY
1525,PETIT MAL EPILEPSY
1526,HYPOXIC-ISCHAEMIC ENCEPHALOPATHY
1527,GENERALISED ERYTHEMA
1528,BLEPHARITIS
1529,CACHEXIA
1530,COMMUNICATION DISORDER
1531,GRAFT VERSUS HOST DISEASE
1532,CATHETER PLACEMENT
1533,POSTERIOR REVERSIBLE ENCEPHALOPATHY SYNDROME
1534,ABNORMAL SLEEP-RELATED EVENT
1535,ABNORMAL SENSATION IN EYE
1536,INTERNATIONAL NORMALISED RATIO ABNORMAL
1537,ESCHERICHIA INFECTION
1538,ANAPHYLACTIC SHOCK
1539,HAEMOLYTIC ANAEMIA
1540,HEPATOTOXICITY
1541,COLECTOMY
1542,POLYARTHRITIS
1543,NON-HODGKIN'S LYMPHOMA
1544,MYOPATHY
1545,STAPHYLOCOCCAL SEPSIS
1546,AUTOIMMUNE HEPATITIS
1547,PELVIC VENOUS THROMBOSIS
1548,ATRIOVENTRICULAR BLOCK COMPLETE
1549,NYSTAGMUS
1550,VENOUS THROMBOSIS
1551,BRONCHIECTASIS
1552,SARCOIDOSIS
1553,RENAL FUNCTION TEST ABNORMAL
1554,INGROWING NAIL
1555,HIGH DENSITY LIPOPROTEIN DECREASED
1556,DISTURBANCE IN SOCIAL BEHAVIOUR
1557,HERPES VIRUS INFECTION
1558,TOXIC EPIDERMAL NECROLYSIS
1559,BREAST CYST
1560,DRUG DIVERSION
1561,PERITONITIS BACTERIAL
1562,DERMATITIS ACNEIFORM
1563,FRACTURED COCCYX
1564,MENINGITIS
1565,THYROID MASS
1566,ERYTHEMA OF EYELID
1567,POST PROCEDURAL DISCOMFORT
1568,MOTION SICKNESS
1569,OCCULT BLOOD POSITIVE
1570,PREMATURE LABOUR
1571,HIP SURGERY
1572,DERMAL CYST
1573,DRUG ERUPTION
1574,PELVIC INFLAMMATORY DISEASE
1575,SUDDEN DEATH
1576,LOSS OF CONTROL OF LEGS
1577,PENIS DISORDER
1578,GESTATIONAL DIABETES
1579,CALCINOSIS
1580,TONSILLAR DISORDER
1581,MUSCLE HAEMORRHAGE
1582,POLYCYTHAEMIA
1583,PROTEIN TOTAL INCREASED
1584,MUSCULOSKELETAL INJURY
1585,WEIGHT LOSS POOR
1586,PULMONARY ARTERIAL PRESSURE INCREASED
1587,BLADDER PAIN
1588,ENTEROCOLITIS
1589,EYE OPERATION
1590,PAINFUL RESPIRATION
1591,OXYGEN SUPPLEMENTATION
1592,BREAST CANCER RECURRENT
1593,DRUG WITHDRAWAL CONVULSIONS
1594,TALIPES
1595,GALLBLADDER INJURY
1596,SLEEP-RELATED EATING DISORDER
1597,WOUND INFECTION STAPHYLOCOCCAL
1598,HEPATIC PAIN
1599,INTENTIONAL SELF-INJURY
1600,CONJUNCTIVAL HAEMORRHAGE
1601,TENDON PAIN
1602,OOPHORECTOMY
1603,DILATATION VENTRICULAR
1604,GINGIVAL RECESSION
1605,EAR CONGESTION
1606,DEVICE DEFECTIVE
1607,POLYMENORRHOEA
1608,CHOLESTASIS
1609,OCULAR ICTERUS
1610,GASTRIC BYPASS
1611,WISDOM TEETH REMOVAL
1612,SUPRAVENTRICULAR EXTRASYSTOLES
1613,CHEST INJURY
1614,CERVICAL DYSPLASIA
1615,NON-SMALL CELL LUNG CANCER
1616,OSTEITIS
1617,DRUG LEVEL DECREASED
1618,ALCOHOL ABUSE
1619,CHOLANGITIS
1620,BONE CANCER
1621,MIDDLE EAR EFFUSION
1622,POLYNEUROPATHY
1623,CEREBROVASCULAR DISORDER
1624,INFERTILITY FEMALE
1625,KNEE DEFORMITY
1626,COMPLEX PARTIAL SEIZURES
1627,CYSTOCELE
1628,INJECTION SITE DISCOMFORT
1629,JOINT ARTHROPLASTY
1630,BRONCHIAL HYPERREACTIVITY
1631,INFUSION SITE OEDEMA
1632,RESPIRATORY RATE INCREASED
1633,EROSIVE OESOPHAGITIS
1634,CYTOMEGALOVIRUS INFECTION
1635,APPENDIX DISORDER
1636,PERIODONTITIS
1637,OXYGEN CONSUMPTION INCREASED
1638,BLADDER PROLAPSE
1639,SKIN TIGHTNESS
1640,NEUROGENIC BLADDER
1641,BLADDER CANCER RECURRENT
1642,MIGRAINE WITH AURA
1643,AORTIC DISORDER
1644,DRUG RESISTANCE
1645,BLOOD URIC ACID INCREASED
1646,GRANULOMA
1647,SUBDURAL HAEMORRHAGE
1648,BILE DUCT STENT INSERTION
1649,INTRAVENTRICULAR HAEMORRHAGE
1650,DEVELOPMENTAL DELAY
1651,HYDROCEPHALUS
1652,BODY TEMPERATURE DECREASED
1653,PROSTATE CANCER METASTATIC
1654,MENOPAUSE
1655,MUSCLE INJURY
1656,URINARY TRACT OBSTRUCTION
1657,PRODUCT CONTAINER ISSUE
1658,OROPHARYNGEAL DISCOMFORT
1659,ABDOMINAL ABSCESS
1660,POLYDIPSIA
1661,GRAND MAL CONVULSION
1662,FEELING OF DESPAIR
1663,INFUSION SITE HAEMORRHAGE
1664,PNEUMOCYSTIS JIROVECII PNEUMONIA
1665,BREAST CALCIFICATIONS
1666,LIP PAIN
1667,WOUND SECRETION
1668,MACULAR OEDEMA
1669,HOSPICE CARE
1670,CHRONIC GASTRITIS
1671,MALIGNANT ASCITES
1672,INJECTION SITE DISCHARGE
1673,ADRENAL DISORDER
1674,AUTONOMIC NERVOUS SYSTEM IMBALANCE
1675,HYPOMENORRHOEA
1676,CARDIAC TAMPONADE
1677,PANCREATIC CYST
1678,CONCOMITANT DISEASE AGGRAVATED
1679,TYPE V HYPERLIPIDAEMIA
1680,BUNION OPERATION
1681,ALCOHOL USE
1682,FAECES HARD
1683,PACKED RED BLOOD CELL TRANSFUSION
1684,GASTRIC INFECTION
1685,ENDOCARDITIS
1686,LARGE INTESTINAL HAEMORRHAGE
1687,NEURITIS
1688,STATUS EPILEPTICUS
1689,APPLICATION SITE WARMTH
1690,INTRADUCTAL PROLIFERATIVE BREAST LESION
1691,REMOVAL OF INTERNAL FIXATION
1692,ANAL FISSURE
1693,POLYMYALGIA RHEUMATICA
1694,INFUSION SITE PRURITUS
1695,BUNION
1696,CATHETER SITE DISCHARGE
1697,EARLY SATIETY
1698,ACCIDENT AT WORK
1699,DRUG WITHDRAWAL SYNDROME NEONATAL
1700,DEVICE RELATED SEPSIS
1701,GASTRIC PH DECREASED
1702,HYPERACUSIS
1703,RETROPERITONEAL HAEMATOMA
1704,VASCULITIS
1705,ORGANIC ERECTILE DYSFUNCTION
1706,RESPIRATORY RATE DECREASED
1707,PERIPHERAL ARTERY THROMBOSIS
1708,POSTURE ABNORMAL
1709,BILIARY DILATATION
1710,RECTAL POLYP
1711,DIABETIC FOOT
1712,RENAL MASS
1713,VITAMIN B12 DECREASED
1714,LUNG CANCER METASTATIC
1715,BACTERIAL SEPSIS
1716,URINARY BLADDER HAEMORRHAGE
1717,CEREBRAL ISCHAEMIA
1718,PNEUMONIA VIRAL
1719,BLADDER SPASM
1720,CHRONIC LYMPHOCYTIC LEUKAEMIA
1721,NORMAL NEWBORN
1722,MUCOUS STOOLS
1723,RED CELL DISTRIBUTION WIDTH INCREASED
1724,INFREQUENT BOWEL MOVEMENTS
1725,INTERVERTEBRAL DISC DISPLACEMENT
1726,UVEITIS
1727,PLATELET COUNT ABNORMAL
1728,RESPIRATION ABNORMAL
1729,GANGRENE
1730,TONSILLITIS
1731,PANCREATICODUODENECTOMY
1732,YAWNING
1733,ARTHRITIS INFECTIVE
1734,CATHETER SITE PRURITUS
1735,WEIGHT GAIN POOR
1736,JOINT LOCK
1737,LARYNGOSPASM
1738,PRE-ECLAMPSIA
1739,APHTHOUS ULCER
1740,FEAR OF DEATH
1741,NECK MASS
1742,INTRACARDIAC THROMBUS
1743,ENDOCRINE DISORDER
1744,SUICIDAL BEHAVIOUR
1745,SLOW SPEECH
1746,DISSOCIATION
1747,VIRAL LOAD INCREASED
1748,NECK SURGERY
1749,VIRAL UPPER RESPIRATORY TRACT INFECTION
1750,EYE CONTUSION
1751,BREAST SWELLING
1752,CHANGE OF BOWEL HABIT
1753,EOSINOPHIL COUNT INCREASED
1754,THROMBOCYTOSIS
1755,LIBIDO INCREASED
1756,LISTLESS
1757,MITRAL VALVE DISEASE
1758,INCORRECT DOSE ADMINISTERED BY DEVICE
1759,PULMONARY ALVEOLAR HAEMORRHAGE
1760,ESSENTIAL TREMOR
1761,MONOCLONAL IMMUNOGLOBULIN PRESENT
1762,PHARYNGEAL ERYTHEMA
1763,SPINAL COLUMN INJURY
1764,GASTROINTESTINAL INFLAMMATION
1765,SCHIZOAFFECTIVE DISORDER
1766,SACROILIITIS
1767,FOOD INTOLERANCE
1768,PAPULE
1769,BONE FRAGMENTATION
1770,MONOPLEGIA
1771,PLASMA CELL LEUKAEMIA
1772,BONE CYST
1773,TRICHORRHEXIS
1774,IMPLANT SITE INFECTION
1775,PLEURAL FIBROSIS
1776,AMYLASE INCREASED
1777,PROTEIN URINE PRESENT
1778,IMMUNE THROMBOCYTOPENIC PURPURA
1779,MYOFASCIAL PAIN SYNDROME
1780,PERNICIOUS ANAEMIA
1781,INTRACRANIAL VENOUS SINUS THROMBOSIS
1782,ANKYLOSING SPONDYLITIS
1783,INJECTION SITE IRRITATION
1784,NEUROLEPTIC MALIGNANT SYNDROME
1785,BRAIN OPERATION
1786,POST HERPETIC NEURALGIA
1787,ORTHOPNOEA
1788,DIFFUSE LARGE B-CELL LYMPHOMA
1789,VOMITING PROJECTILE
1790,POSTURAL ORTHOSTATIC TACHYCARDIA SYNDROME
1791,PORTAL VEIN THROMBOSIS
1792,METABOLIC SYNDROME
1793,TOOTH DISCOLOURATION
1794,VENOUS INSUFFICIENCY
1795,TUMOUR MARKER INCREASED
1796,BASEDOW'S DISEASE
1797,GASTROINTESTINAL ANGIODYSPLASIA HAEMORRHAGIC
1798,SEBORRHOEA
1799,RETINAL DISORDER
1800,SLEEP TERROR
1801,PERIORBITAL OEDEMA
1802,BILE DUCT STONE
1803,FACIAL PARALYSIS
1804,INJECTION SITE INFECTION
1805,TESTICULAR DISORDER
1806,GENERAL PHYSICAL CONDITION ABNORMAL
1807,INAPPROPRIATE AFFECT
1808,ABDOMINAL ADHESIONS
1809,BRONCHOPULMONARY ASPERGILLOSIS
1810,MONOCYTE COUNT INCREASED
1811,SUDDEN ONSET OF SLEEP
1812,ANIMAL BITE
1813,ECTOPIC PREGNANCY WITH CONTRACEPTIVE DEVICE
1814,HYPOGAMMAGLOBULINAEMIA
1815,LUNG CONSOLIDATION
1816,EUSTACHIAN TUBE DYSFUNCTION
1817,MENOPAUSAL SYMPTOMS
1818,ARTHRITIS BACTERIAL
1819,PARKINSONISM
1820,BLOOD PHOSPHORUS INCREASED
1821,EMBOLISM VENOUS
1822,CARDIOPULMONARY FAILURE
1823,PENILE SIZE REDUCED
1824,CATHETER SITE SWELLING
1825,ABDOMINAL MASS
1826,NASAL DISORDER
1827,HAEMANGIOMA
1828,AZOTAEMIA
1829,SINUS NODE DYSFUNCTION
1830,ARTERIOVENOUS MALFORMATION
1831,CARDIAC FAILURE ACUTE
1832,NEUTROPENIC SEPSIS
1833,TORTICOLLIS
1834,TINEA PEDIS
1835,INFUSION SITE SWELLING
1836,NONSPECIFIC REACTION
1837,ORAL FUNGAL INFECTION
1838,IMPULSIVE BEHAVIOUR
1839,MECHANICAL VENTILATION
1840,CLOSED FRACTURE MANIPULATION
1841,LIGAMENT INJURY
1842,APPLICATION SITE INFLAMMATION
1843,TESTICULAR ATROPHY
1844,HAND DEFORMITY
1845,IMPLANT SITE ERYTHEMA
1846,APPLICATION SITE DISCOMFORT
1847,CEREBELLAR HAEMORRHAGE
1848,PROGRESSIVE MULTIFOCAL LEUKOENCEPHALOPATHY
1849,LUNG ADENOCARCINOMA
1850,HEART INJURY
1851,BREAST DISCHARGE
1852,CARDIAC ABLATION
1853,KYPHOSCOLIOSIS
1854,VENA CAVA FILTER INSERTION
1855,APPENDICITIS PERFORATED
1856,RECTOCELE
1857,ALCOHOLISM
1858,ASTIGMATISM
1859,AORTIC DILATATION
1860,DEBRIDEMENT
1861,ESCHERICHIA BACTERAEMIA
1862,LEG AMPUTATION
1863,NIPPLE PAIN
1864,GASTROINTESTINAL INJURY
1865,HAEMOLYSIS
1866,READING DISORDER
1867,PRODUCT SOLUBILITY ABNORMAL
1868,ADNEXA UTERI PAIN
1869,CONNECTIVE TISSUE DISORDER
1870,BREAST LUMP REMOVAL
1871,PENILE PAIN
1872,ADENOCARCINOMA OF COLON
1873,LUPUS-LIKE SYNDROME
1874,GASTROINTESTINAL ULCER HAEMORRHAGE
1875,PULSELESS ELECTRICAL ACTIVITY
1876,APPLICATION SITE SCAR
1877,IMPATIENCE
1878,FEMALE STERILISATION
1879,WEIGHT BEARING DIFFICULTY
1880,BLOOD TESTOSTERONE ABNORMAL
1881,MENOMETRORRHAGIA
1882,ONYCHOMADESIS
1883,TERMINAL INSOMNIA
1884,OESOPHAGEAL CARCINOMA
1885,CEREBRAL SMALL VESSEL ISCHAEMIC DISEASE
1886,HAEMORRHAGIC TRANSFORMATION STROKE
1887,HAEMOGLOBIN INCREASED
1888,NEUROLOGICAL SYMPTOM
1889,RETINOPATHY
1890,ACUTE PRERENAL FAILURE
1891,VASODILATATION
1892,SELF INJURIOUS BEHAVIOUR
1893,HOSTILITY
1894,IMPLANT SITE PRURITUS
1895,BONE SWELLING
1896,BONE NEOPLASM
1897,CARDIAC FAILURE CHRONIC
1898,MENINGIOMA
1899,CHRONIC FATIGUE SYNDROME
1900,PRODUCT COLOUR ISSUE
1901,HORDEOLUM
1902,OSTEOGENESIS IMPERFECTA
1903,INTERMITTENT CLAUDICATION
1904,CARBON DIOXIDE DECREASED
1905,PEYRONIE'S DISEASE
1906,PERIRECTAL ABSCESS
1907,IMMOBILE
1908,LIP BLISTER
1909,SELF-INJURIOUS IDEATION
1910,COLONOSCOPY
1911,ANORGASMIA
1912,EMERGENCY CARE EXAMINATION
1913,CATHETER SITE INFLAMMATION
1914,CEREBRAL THROMBOSIS
1915,TOOTH INJURY
1916,PRODUCT FORMULATION ISSUE
1917,PULMONARY VALVE INCOMPETENCE
1918,CERVIX CARCINOMA
1919,FLAT AFFECT
1920,VITAMIN B COMPLEX DEFICIENCY
1921,OEDEMA MOUTH
1922,CEREBRAL HAEMATOMA
1923,LIP INJURY
1924,TERMINAL STATE
1925,ORGAN FAILURE
1926,OSTEOMALACIA
1927,INTERVERTEBRAL DISC COMPRESSION
1928,PREGNANCY ON CONTRACEPTIVE
1929,BONE DENSITY ABNORMAL
1930,VENOOCCLUSIVE LIVER DISEASE
1931,STREPTOCOCCAL BACTERAEMIA
1932,FOREARM FRACTURE
1933,NEGATIVE THOUGHTS
1934,CORNEAL ABRASION
1935,CONTRAINDICATED DRUG ADMINISTERED
1936,PURPURA
1937,DECREASED IMMUNE RESPONSIVENESS
1938,ENDOTRACHEAL INTUBATION
1939,BLOOD PARATHYROID HORMONE INCREASED
1940,SEIZURE LIKE PHENOMENA
1941,CANCER PAIN
1942,HEPATIC NEOPLASM
1943,SENSATION OF HEAVINESS
1944,DEVICE INFUSION ISSUE
1945,URINARY TRACT INFECTION BACTERIAL
1946,ADHESION
1947,EYE INJURY
1948,APPLICATION SITE EROSION
1949,LAZINESS
1950,INTERNATIONAL NORMALISED RATIO FLUCTUATION
1951,DIVERTICULAR PERFORATION
1952,SYRINGE ISSUE
1953,THROAT CANCER
1954,VENA CAVA THROMBOSIS
1955,FIBROSIS
1956,SKIN HYPERTROPHY
1957,TONGUE BLISTERING
1958,INCORRECT DRUG ADMINISTRATION RATE
1959,PERIPHERAL ISCHAEMIA
1960,LIMB CRUSHING INJURY
1961,INTERVERTEBRAL DISC OPERATION
1962,PERSONALITY DISORDER
1963,LIPIDS INCREASED
1964,PERITONEAL DIALYSIS COMPLICATION
1965,VENTRICULAR HYPERTROPHY
1966,RASH VESICULAR
1967,RESPIRATORY DEPRESSION
1968,ATRIAL TACHYCARDIA
1969,PANCREATIC MASS
1970,JC VIRUS TEST POSITIVE
1971,WEIGHT ABNORMAL
1972,ANTINUCLEAR ANTIBODY POSITIVE
1973,DEPENDENCE
1974,PENIS INJURY
1975,INTRACRANIAL PRESSURE INCREASED
1976,ATRIAL THROMBOSIS
1977,CAROTID BRUIT
1978,MYASTHENIA GRAVIS
1979,APHTHOUS STOMATITIS
1980,GASTROINTESTINAL STROMAL TUMOUR
1981,STARING
1982,SMEAR CERVIX ABNORMAL
1983,FAECES PALE
1984,SUSPECTED COUNTERFEIT PRODUCT
1985,CLUSTER HEADACHE
1986,ERECTION INCREASED
1987,ASPERGILLUS INFECTION
1988,SICKLE CELL ANAEMIA WITH CRISIS
1989,ACROCHORDON
1990,LOW BIRTH WEIGHT BABY
1991,JAUNDICE NEONATAL
1992,AGORAPHOBIA
1993,LIMB DEFORMITY
1994,TYMPANIC MEMBRANE PERFORATION
1995,JOINT INSTABILITY
1996,GASTRIC DILATATION
1997,HYPOGLYCAEMIC UNCONSCIOUSNESS
1998,DIEULAFOY'S VASCULAR MALFORMATION
1999,VENOUS THROMBOSIS LIMB
